player_id,short_name,team_name,success,fail,minutes_played,success_sum,fail_sum,vaep_risk_rating
36.0,T. Alderweireld,Tottenham Hotspur FC,0.14007392324717305,-0.02341195203718825,2267.9222766833336,3.529741899052169,-0.5899609729531221,0.1166619712099848
38.0,D. Blind,Manchester United FC,0.31005346020557917,-0.09248815596483706,382.7413981166667,1.3185588316665962,-0.3933227347023785,0.2175653042407421
48.0,J. Vertonghen,Tottenham Hotspur FC,0.22310186375390934,-0.04629578352965869,4281.4795393,10.613400720467325,-2.2023827770899516,0.17680608022425065
54.0,C. Eriksen,Tottenham Hotspur FC,0.5119919340659578,-0.1379290842462203,3724.3078237,21.186839619034902,-5.707670750821941,0.3740628498197375
56.0,D. Klaassen,Everton FC,0.14385847189395648,-0.05083675630614501,263.83012176666665,0.42171331285499036,-0.1490251956274733,0.09302171558781147
74.0,R. Klavan,Liverpool FC,0.26709588991094513,0.0061442104893699,1515.13044875,4.496501283778343,0.10343644884414971,0.27324010040031504
93.0,J. Guðmunds­son,Burnley FC,0.24856177071312627,-0.08475772912196711,3554.8992038166666,9.817911564526149,-3.3478353752554395,0.16380404159115916
107.0,E. Pieters,Stoke City FC,0.2291967075870768,-0.054278542435314214,2839.1066299833333,7.230154356453568,-1.7122507743770257,0.1749181651517626
116.0,G. Wijnaldum,Liverpool FC,0.22284764216802547,-0.06283007893283678,2497.512961,6.184054162699264,-1.7435437386156991,0.16001756323518868
120.0,J. Locadia,Brighton & Hove Albion FC,0.4016353558395044,-0.10855773473077518,234.60399045,1.046947302063927,-0.2829786418005824,0.2930776211087292
132.0,T. Kongolo,Huddersfield Town FC,0.14583442089242957,-0.01628931219139369,1370.315177,2.220434669754468,-0.24801657465286553,0.1295451087010359
134.0,B. Martins Indi,Stoke City FC,0.15690283056256477,-0.033266577495091175,1295.92377785,2.2592678770888597,-0.47901054203975946,0.12363625306747358
160.0,D. Janmaat,Watford FC,0.40597414531674203,-0.05432676571766758,1897.9727963,8.561420931247994,-1.1456747049232945,0.35164737959907444
173.0,R. van La Parra,Huddersfield Town FC,0.25608124748456657,-0.10448032903696064,2212.73791645,6.296007622232407,-2.568750950925052,0.15160091844760593
179.0,L. Narsingh,Swansea City AFC,0.2968141044971741,-0.10855748917608837,671.3779739333334,2.2141605790238827,-0.809812301537022,0.18825661532108573
261.0,N. Chadli,West Bromwich Albion FC,0.1993586829942596,-0.04270081924009632,595.72502715,1.3195884093260393,-0.282643852234818,0.1566578637541633
262.0,L. Fer,Swansea City AFC,0.2225638489388729,-0.057995073363856287,1453.94782655,3.5955136048141867,-0.936909009644296,0.16456877557501662
284.0,M. van der Hoorn,Swansea City AFC,0.27559071268418167,-0.07498128172799447,2009.2433113833333,6.152542179333977,-1.6739515421213582,0.20060943095618722
340.0,Cuco Martina,Everton FC,0.2601404590396078,-0.04852612807633437,1904.5497764333334,5.505005034501664,-1.0268936264328659,0.21161433096327342
370.0,V. van Dijk,Liverpool FC,0.12602110453133822,-0.04490383751654642,2362.3952281833335,3.3079072888358496,-1.1786734608467668,0.0811172670147918
370.0,V. van Dijk,Southampton FC,0.08352091763855402,-0.03325390337111218,2362.3952281833335,2.1923268586979248,-0.8728762515820563,0.05026701426744184
383.0,D. Tadić,Southampton FC,0.33479130184155204,-0.12267775589493081,3162.2026602,11.763088281057522,-4.3103547337590715,0.21211354594662124
454.0,P. van Aanholt,Crystal Palace FC,0.42562572253902686,-0.026305931731136465,2283.0422586833333,10.796905677102506,-0.6673061532913707,0.3993197908078904
466.0,D. Pröpper,Brighton & Hove Albion FC,0.2041930420281066,-0.05475509368232821,3264.2834411666668,7.40604406548664,-1.9859571736305952,0.1494379483457784
471.0,W. Bony,Swansea City AFC,0.31701543612137295,-0.10277821973514638,756.4873673166667,2.664646363002248,-0.8638936096103862,0.21423721638622656
703.0,M. Yoshida,Southampton FC,0.22808105022679626,-0.0694366735524405,2538.6088669333335,6.433428627613466,-1.958583946339786,0.15864437667435577
3278.0,Bruno Saltor,Brighton & Hove Albion FC,0.23274808321554166,-0.05973595486509618,2096.9172616166666,5.422816370031796,-1.3917928321752697,0.1730121283504455
3319.0,M. Özil,Arsenal FC,0.40246213664541075,-0.11565466503270996,3004.9847695333333,13.437695454814472,-3.861561188319698,0.2868074716127008
3324.0,Álvaro Morata,Chelsea FC,0.4731535236575911,-0.18808500384403512,2434.4450783666666,12.79851407755632,-5.0875845769187436,0.28506851981355597
3326.0,Jesé Rodríguez,Stoke City FC,0.3080381892323496,-0.0917461666757799,618.0891757666666,2.115500783191994,-0.6300812504487112,0.2162920225565697
3327.0,Joselu,Newcastle United FC,0.2953820517030526,-0.14848927177882723,1776.0426982,5.829012623406015,-2.930258743375793,0.14689277992422536
3343.0,I. Afellay,Stoke City FC,0.11815082828402361,-0.006011843939672258,185.29628796666668,0.2432545544579625,-0.01237747073173523,0.11213898434435135
3348.0,Deulofeu,Watford FC,0.1751499367061106,-0.062086155240210085,961.1327102166667,1.8704703706735746,-0.6630337183661759,0.11306378146590051
3350.0,Fàbregas,Chelsea FC,0.427190496141375,-0.1350847037430162,2741.45564475,13.012486633670283,-4.114763595507481,0.29210579239835877
3351.0,Kiko Femenía,Watford FC,0.26953069378547,-0.0660531015831564,1800.3946864666666,5.391795877011493,-1.3213517012773082,0.2034775922023136
3360.0,Pedro,Chelsea FC,0.3745357427830971,-0.1410859693257881,1614.9009583333334,6.7204236661167815,-2.531554078573361,0.233449773457309
3361.0,A. Sánchez,Arsenal FC,0.37177411583216685,-0.1603719694670858,2638.4831428666666,10.899108195303686,-4.701541533635929,0.21140214636508106
3361.0,A. Sánchez,Manchester United FC,0.17182148671383246,-0.10701751833937015,2638.4831428666666,5.03720106974151,-3.137376868109472,0.06480396837446231
3413.0,Ander Herrera,Manchester United FC,0.34516565515399067,-0.07362952540842493,1316.8399309333333,5.050310194372665,-1.0773144350387156,0.27153612974556574
3424.0,Fernando Llorente,Tottenham Hotspur FC,0.41193952444572035,-0.1226390419281306,288.5843673500001,1.3208811894292012,-0.39324122585821897,0.2893004825175898
3429.0,T. Courtois,Chelsea FC,-0.1505555324592251,-0.06939577598277108,4411.799408983334,-7.380231212475337,-3.401780482963659,-0.21995130844199617
3436.0,Javi Manquillo,Newcastle United FC,0.18504991792055195,-0.028449884608373957,1837.2623974833334,3.7776139539200813,-0.5807767022633925,0.15660003331217798
3523.0,F. Lejeune,Newcastle United FC,0.19981685059144333,-0.02793051873987821,2199.3393568333336,4.88294515182497,-0.6825409902376123,0.17188633185156513
3551.0,W. Caballero,Chelsea FC,-0.2598360522112213,-0.02046835095611316,472.91571540000007,-1.365339472424239,-0.10755338706076145,-0.28030440316733446
3557.0,Jesús Gámez,Newcastle United FC,0.34074733133669943,-0.10145459781975416,105.52583801666665,0.3995294187916443,-0.11895646061748266,0.23929273351694527
3560.0,Nacho Monreal,Arsenal FC,0.43180835452218685,-0.06183903781294731,2341.582556866667,11.23461012064945,-1.6089023586246185,0.36996931670923955
3577.0,S. Rondón,West Bromwich Albion FC,0.3341350335061914,-0.1411182269271986,2903.6105657000003,10.779977929545566,-4.5528041635407135,0.19301680657899278
3582.0,Adrián,West Ham United FC,0.009024190318690135,-0.07990780204542143,1783.6433438000001,0.17884374439017847,-1.583633547066711,-0.0708836117267313
3657.0,T. Hemed,Brighton & Hove Albion FC,0.27941343175795813,-0.14062694647520319,884.6072722,2.7463461520383134,-1.3822179946582764,0.13878648528275495
3662.0,C. Bravo,Manchester City FC,0.01829430609664768,-0.07171594798630042,234.83391175,0.04773470514919609,-0.18712596222758293,-0.05342164188965274
3802.0,Philippe Coutinho,Liverpool FC,0.3373902280939731,-0.07361974333909081,2918.7861113333333,10.941887909558602,-2.3875587153118105,0.2637704847548823
3928.0,Vicente Iborra,Leicester City FC,0.39607383130114227,-0.050625386779575704,1473.1924760666666,6.483255424886011,-0.8286770989070646,0.34544844452156653
4255.0,L. Ulloa,Brighton & Hove Albion FC,0.2798455106376113,-0.06280052780547594,323.81943118333334,1.0068823785986751,-0.225955902133137,0.21704498283213536
4255.0,L. Ulloa,Leicester City FC,0.009618645652601314,-0.0071915868693267,323.81943118333334,0.03460782626643777,-0.025875284103676677,0.0024270587832746137
4365.0,Roque Mesa,Swansea City AFC,0.14771609997318255,-0.01993989803814553,1141.6955029166668,1.8738534116419032,-0.25294768798630685,0.12777620193503703
4908.0,Alberto Moreno,Liverpool FC,0.26235779188315844,-0.07247481458646797,1324.0475504166666,3.8597132408402395,-1.0662233413346112,0.18988297729669046
5281.0,A. Nyom,West Bromwich Albion FC,0.2144648712741695,-0.0278436471272941,2432.0316536833334,5.795392839354463,-0.7524070129729807,0.1866212241468754
5911.0,Sandro,Everton FC,0.022477349260611814,-0.06631699005940617,1039.6202516666667,0.2596434166124091,-0.7660498432815075,-0.04383964079879435
7847.0,Ł. Fabiański,Swansea City AFC,-0.08708674192057246,-0.08420029888655932,4037.8325820166665,-3.9071298220951576,-3.7776301139965653,-0.17128704080713178
7853.0,K. Gibbs,West Bromwich Albion FC,0.17279833753932256,-0.049512969457304344,2956.4394698,5.676309171300847,-1.6264677463397383,0.1232853680820182
7855.0,L. Koscielny,Arsenal FC,0.22210380209095054,-0.03471197099997152,2949.8453877166667,7.279687513248064,-1.1377216394757852,0.187391831090979
7856.0,P. Mertesacker,Arsenal FC,0.3196352743746198,-0.02090194100306096,381.4188874,1.354610341397347,-0.08858216757653281,0.29873333337155883
7864.0,F. Coquelin,Arsenal FC,0.05214322050717179,-0.0073259858836930555,876.9043346333334,0.5080512898275629,-0.07137987529858947,0.04481723462347873
7868.0,A. Oxlade-Chamberlain,Arsenal FC,0.041856697421403764,-0.01999343728845171,1818.5402477833334,0.8457565433345735,-0.4039874488953501,0.021863260132952055
7868.0,A. Oxlade-Chamberlain,Liverpool FC,0.37027216206546276,-0.11825006398074284,1818.5402477833334,7.481720326108858,-2.3893611183548344,0.2520220980847199
7870.0,A. Ramsey,Arsenal FC,0.49673227468967457,-0.12515586357313221,2378.7530447333334,13.128926787059754,-3.3079432393424213,0.3715764111165424
7873.0,J. Wilshere,Arsenal FC,0.3490944719721366,-0.09200952388256174,1381.9485542666666,5.360340009381995,-1.412804761203006,0.2570849480895749
7879.0,T. Walcott,Arsenal FC,0.0057297711677776406,-0.0044710675518171246,1286.5502342666666,0.0819070937577635,-0.06391392229124904,0.001258703615960516
7879.0,T. Walcott,Everton FC,0.3839311222849723,-0.08862942919855032,1286.5502342666666,5.4882963924221695,-1.2669579210923985,0.29530169308642196
7882.0,P. Čech,Arsenal FC,-0.12524569114602344,-0.06305209436714679,3459.33808015,-4.814079875068273,-2.423539011972025,-0.18829778551317022
7885.0,R. Bertrand,Southampton FC,0.23784778292403952,-0.0841704576031192,3378.59343325,8.928788416669239,-3.1597528370171784,0.15367732532092032
7887.0,G. Cahill,Chelsea FC,0.13475881957731356,-0.02791274066700769,2730.420032916667,4.088313117623329,-0.8468167365645058,0.10684607891030587
7888.0,N. Chalobah,Watford FC,0.18556474348987925,-0.06197734020221383,465.76967883333333,0.960338121978566,-0.3207462871214375,0.12358740328766543
7892.0,David Luiz,Chelsea FC,0.2989618856205004,-0.021950076397493343,886.09932525,2.9434436124865897,-0.21611053205560893,0.27701180922300706
7899.0,Oriol Romeu,Southampton FC,0.25620576086209257,-0.04177688869419447,3030.5388762166667,8.627127984480467,-1.4067387257236987,0.2144288721678981
7905.0,R. Lukaku,Manchester United FC,0.4285852625038416,-0.13997253602825396,3891.3124842,18.53065758361481,-6.051965298798654,0.28861272647558767
7906.0,Juan Mata,Manchester United FC,0.3350386544283696,-0.11717127828903956,1984.5566565833333,7.387813242872711,-2.5837004476543517,0.21786737613933005
7907.0,D. Sturridge,Liverpool FC,0.2616382937124071,-0.10531062203548075,794.9066475166667,2.3108668768545613,-0.9301345945568755,0.15632767167692635
7907.0,D. Sturridge,West Bromwich Albion FC,0.03154267269196082,-0.019392466661455773,794.9066475166667,0.2785942244809121,-0.17128000734373927,0.01215020603050505
7910.0,David de Gea,Manchester United FC,-0.07335063836541292,-0.0675275757416815,4235.486386466667,-3.4519514470594004,-3.1779125307220966,-0.14087821410709442
7914.0,J. Evans,West Bromwich Albion FC,0.25704199227134683,-0.04593255755613812,2753.935955016667,7.865302049613092,-1.405503575108014,0.2111094347152087
7915.0,P. Evra,West Ham United FC,0.033007705217976184,-0.010174947346693754,1251.9318167000001,0.45914884842932224,-0.14153711462859064,0.02283275787128243
7918.0,P. Jones,Manchester United FC,0.17997884837914374,-0.018850783975434587,2241.7461594,4.482965468079783,-0.469540806428995,0.16112806440370916
7919.0,M. Keane,Everton FC,0.21176407471377684,-0.04539053057033642,2675.6074897,6.295528270595241,-1.349413817282766,0.1663735441434404
7922.0,C. Smalling,Manchester United FC,0.2291850205883634,-0.004815312261476741,3033.2612054666665,7.724200353608467,-0.16228999861050397,0.22436970832688666
7928.0,M. Carrick,Manchester United FC,0.44204874857602117,-0.08534251904987078,113.42364765,0.557097572251223,-0.10755399789195508,0.3567062295261504
7929.0,T. Cleverley,Watford FC,0.2842573223845018,-0.1192338637326139,2010.5654205333333,6.350199365774169,-2.663638704193078,0.1650234586518879
7932.0,D. Fletcher,Stoke City FC,0.2330198578262418,-0.04760924972562235,2306.7336632333336,5.972386113884859,-1.2202428780375048,0.18541060810061943
7934.0,J. Lingard,Manchester United FC,0.4352423746276617,-0.11280443373393,2371.6326449666667,11.46927804599749,-2.9725630837818606,0.3224379408937317
7936.0,P. Pogba,Manchester United FC,0.3773485918675942,-0.08824883322743729,3413.4453904,14.31176457204856,-3.347028588759713,0.2890997586401569
7938.0,A. Valencia,Manchester United FC,0.31261303023298,-0.057277121800010246,2862.88930835,9.944183354498819,-1.8219784401590005,0.2553359084329697
7939.0,A. Young,Manchester United FC,0.3323211819442998,-0.07176022150587388,3021.7207365333334,11.157575629670639,-2.4093261042502707,0.2605609604384259
7941.0,J. Hernández,West Ham United FC,0.4016572519687143,-0.05714425759236905,1976.9798817,8.822981183122844,-1.2552560846088454,0.3445129943763453
7944.0,W. Rooney,Everton FC,0.4907443663382799,-0.15398568741531013,2625.98707235,14.318759575921282,-4.492938049772583,0.33675867892296973
7945.0,D. Welbeck,Arsenal FC,0.39881048238241007,-0.159199671257237,1284.1498978500001,5.690360446809791,-2.271513795363717,0.23961081112517307
7957.0,G. Johnson,Stoke City FC,0.2499043401065381,-0.06677835808985853,571.88986555,1.587975105154328,-0.4243318469962105,0.18312598201667957
7958.0,M. Kelly,Crystal Palace FC,0.12588430394093195,-0.030911482419407502,1251.33819075,1.750264857080765,-0.42978576093446463,0.09497282152152445
7961.0,C. Adam,Stoke City FC,0.3193404514188847,-0.2210302312060712,499.55048103333337,1.7725186235522852,-1.2268417591322418,0.09831022021281347
7964.0,J. Henderson,Liverpool FC,0.2970826848400921,-0.0528006692124512,2815.990104716667,9.295354453248438,-1.6520684669408947,0.2442820156276409
7967.0,J. Shelvey,Newcastle United FC,0.3670806387968281,-0.07036790923247789,2414.2950547333335,9.847121899283724,-1.8876543919099495,0.29671272956435024
7970.0,A. Carroll,West Ham United FC,0.37364138864708196,-0.09506501284601988,873.1174258000001,3.624808971420862,-0.9222546588862315,0.2785763758010621
7974.0,R. Elliot,Newcastle United FC,-0.10350493261012067,-0.059724773537642245,1503.73155765,-1.7293737059808336,-0.9978891860228032,-0.16322970614776292
7978.0,P. Dummett,Newcastle United FC,0.1628731815924365,-0.04875910097047057,1675.1521526666668,3.031526230624877,-0.9075434772530571,0.11411408062196593
7988.0,Y. Cabaye,Crystal Palace FC,0.26401308971709186,-0.0719730712867108,2537.8884603,7.4448419306795115,-2.0295514118988067,0.19204001843038107
7989.0,D. Gosling,AFC Bournemouth,0.2940325190850662,-0.05384184782737102,2076.580191183333,6.7842456077309325,-1.2422990517225116,0.24019067125769522
8004.0,C. Clark,Newcastle United FC,0.27356187642553553,-0.039858012823100634,2008.46880185,6.104894379735924,-0.8894841695437208,0.2337038636024349
8005.0,J. Collins,West Ham United FC,0.20558427002281748,-0.04487510552668911,1159.5050827833334,2.6486222892417572,-0.5781434772070497,0.16070916449612838
8013.0,M. Albrighton,Leicester City FC,0.2915592685569341,-0.10443994167693503,2679.4184815333333,8.680103251486551,-3.1093145548827015,0.18711932687999905
8017.0,S. Ireland,Stoke City FC,0.1955108347822287,-0.05326260313408097,140.36294535000002,0.3049164068652317,-0.08306773169897497,0.14224823164814773
8032.0,Marcos Alonso,Chelsea FC,0.38167971308939613,-0.1061513810975617,2973.0923585333335,12.608544871036429,-3.506642888765782,0.27552833199183446
8049.0,Lee Chung-Yong,Crystal Palace FC,0.11506439952034436,-0.197718971124618,144.35064148333333,0.18455133202951401,-0.3171206701695919,-0.08265457160427364
8066.0,B. Hamer,Leicester City FC,-0.015767183269000923,-0.02692783029164977,289.26325703333333,-0.050676297629252076,-0.08654702105559409,-0.042695013560650696
8086.0,D. Stephens,Brighton & Hove Albion FC,0.22079600915274963,-0.04153921538178564,3376.2011953,8.282797222433146,-1.5582749847089872,0.17925679377096398
8094.0,J. Butland,Stoke City FC,-0.04810195759509188,-0.08473042393393607,3300.659339616667,-1.7640908398898318,-3.1074029456358403,-0.13283238152902793
8096.0,G. Myhill,West Bromwich Albion FC,-0.020815189704567177,-0.038837891712204,95.21769518333335,-0.022021937649697065,-0.0410894948290661,-0.05965308141677117
8116.0,N. Redmond,Southampton FC,0.2890871494640245,-0.11621202553303421,2032.9449880666666,6.529980795748532,-2.6250294984495266,0.17287512393099025
8125.0,J. Cork,Burnley FC,0.21389898584642206,-0.05005393966978576,3576.2535457333333,8.499522295133676,-1.9889508802443743,0.1638450461766363
8126.0,José Fonte,West Ham United FC,0.11599828067069431,-0.020073841794185632,1471.8680078333334,1.8970462031429633,-0.32828939479077235,0.09592443887650869
8135.0,L. Shaw,Manchester United FC,0.23304247870933104,-0.08830352318274794,824.3635788,2.134574797347188,-0.8088245376842096,0.1447389555265831
8136.0,J. Stephens,Southampton FC,0.22792595223395387,-0.04664997598481731,2073.16247565,5.250305904424749,-1.0745886633521877,0.18127597624913655
8140.0,A. Lallana,Liverpool FC,0.203543620240966,-0.1774020347964308,523.8508993833334,1.1847389836329967,-1.0325801720060408,0.02614158544453521
8142.0,J. Puncheon,Crystal Palace FC,0.2061178071891774,-0.10540921612836456,605.2341599,1.386105976384133,-0.7088584263240918,0.10070859106081285
8143.0,M. Schneiderlin,Everton FC,0.1979511171687027,-0.03546105126346196,2229.0937372666667,4.9027955062855035,-0.8782889698697254,0.16249006590524073
8144.0,J. Ward-Prowse,Southampton FC,0.29126298325360067,-0.11503669769704698,1809.9837302,5.857569565539248,-2.313495013417676,0.17622628555655367
8186.0,S. Dann,Crystal Palace FC,0.2910596787415545,-0.09545973702352666,1506.8539308166667,4.873160233488306,-1.598265332984738,0.1955999417180278
8192.0,M. Olsson,Swansea City AFC,0.16128593815953718,-0.06259227900879423,3600.252309,6.451889680756722,-2.5038666336331517,0.09869365915074295
8221.0,J. Ward,Crystal Palace FC,0.21065328306090625,-0.06472852783929954,1674.4591760333333,3.919225808698684,-1.2042808599071577,0.1459247552216067
8239.0,L. Baines,Everton FC,0.24087088910086493,-0.05523681125887465,1997.58088185,5.346212034023326,-1.2259999793898315,0.1856340778419903
8240.0,S. Coleman,Everton FC,0.1560856937398904,-0.05348855177241865,1450.5147892333334,2.515606746193953,-0.8620659488951787,0.10259714196747174
8242.0,S. Duffy,Brighton & Hove Albion FC,0.1775220072298406,-0.07427310668824738,3617.0763311333335,7.134562784514856,-2.9850166249088943,0.10324890054159322
8245.0,P. Jagielka,Everton FC,0.26041724635427677,-0.0330613961326582,2161.5662819833333,6.254545988515019,-0.7940488790627569,0.22735585022161858
8246.0,R. Barkley,Chelsea FC,0.15321814414481957,-0.16078984289061884,129.0,0.2196126732742414,-0.23046544147655368,-0.007571698745799271
8249.0,M. Fellaini,Manchester United FC,0.35466897012815113,-0.06728735901406614,1175.6980477166667,4.633151286281645,-0.8789957403205335,0.287381611114085
8266.0,Gomes,Watford FC,-0.07695069218393936,-0.0769773070101053,2238.454229483333,-1.9138955820089905,-1.9145575383445248,-0.15392799919404465
8272.0,Y. Kaboul,Watford FC,0.3003988142987849,-0.03649364658341751,159.2970699,0.531696121324785,-0.06459256634116173,0.2639051677153674
8277.0,K. Walker,Manchester City FC,0.2463641251920167,-0.05957187185734713,3740.753488616667,10.239860675355885,-2.47604097193107,0.18679225333466956
8284.0,A. Lennon,Burnley FC,0.08237425811079865,-0.05756861357550414,1988.2597353,1.8197935625212267,-1.2717928487691097,0.024805644535294512
8284.0,A. Lennon,Everton FC,0.04589833907363709,-0.022740894472414876,1988.2597353,1.0139757721917704,-0.5023867202689871,0.023157444601222217
8285.0,J. Livermore,West Bromwich Albion FC,0.22838368173765727,-0.052603950644584604,2808.72433955,7.127408951695543,-1.6416666281325742,0.17577973109307266
8290.0,A. Pritchard,Huddersfield Town FC,0.27404907368032105,-0.12209083890611522,1038.54465245,3.1623577775508167,-1.4088531984342263,0.15195823477420584
8292.0,D. Rose,Tottenham Hotspur FC,0.21137047232146408,-0.11109568465177556,1279.2731229666667,3.0044507136624308,-1.5791302605844102,0.10027478766968852
8296.0,J. Defoe,AFC Bournemouth,0.3727116136146276,-0.14552466885146417,1160.3046988333333,4.805100406520069,-1.8761439673835412,0.22718694476316345
8301.0,J. Hart,West Ham United FC,-0.04749499973190382,-0.08112615518374348,2171.1519866833332,-1.1457651447271928,-1.9570801444351673,-0.1286211549156473
8307.0,V. Kompany,Manchester City FC,0.20692447723117252,-0.03717651025661319,1852.77609735,4.25983028189512,-0.7653305509593338,0.16974796697455932
8313.0,P. Zabaleta,West Ham United FC,0.1799344680535589,-0.03902417528994225,3432.0528587,6.8616067273542285,-1.4881448040250689,0.14091029276361663
8314.0,G. Barry,West Bromwich Albion FC,0.2761480723682484,-0.050382294144947916,2015.0824168000001,6.182901389583014,-1.1280497227725572,0.2257657782233005
8317.0,David Silva,Manchester City FC,0.5187345945576257,-0.10915615867096379,3195.6901501,18.419055937154685,-3.8758806787505744,0.40957843588666193
8319.0,J. Milner,Liverpool FC,0.35021307726787027,-0.12016877035680398,1882.1511736333334,7.323932826682925,-2.513064357345924,0.23004430691106628
8324.0,Y. Touré,Manchester City FC,0.6220431496096205,-0.12251107184564351,260.9855717333333,1.8038254115963355,-0.3552624681033194,0.49953207776397696
8325.0,S. Agüero,Manchester City FC,0.7982197433758487,-0.22582293754648286,2231.2626474666667,19.789309976277327,-5.5985587276518345,0.5723968058293658
8336.0,K. Naughton,Swansea City AFC,0.25677115083109897,-0.05720735311035803,3154.82033975,9.000742770032957,-2.0053213463979773,0.19956379772074095
8351.0,A. Surman,AFC Bournemouth,0.3219630922499269,-0.05178398922202559,1974.97564485,7.065214063713327,-1.1363568611852826,0.2701791030279013
8358.0,B. Foster,West Bromwich Albion FC,-0.013603782200983773,-0.06359332255902855,3499.0331308333334,-0.5288898291764781,-2.4723904725979082,-0.07719710476001232
8360.0,C. Dawson,West Bromwich Albion FC,0.2510281056021305,-0.04669388207180447,2637.32741425,7.356036718352698,-1.368300614063628,0.20433422353032604
8362.0,G. McAuley,West Bromwich Albion FC,0.09521428776219504,-0.005618568452233454,857.9033365,0.9076072794850916,-0.05355765135027468,0.08959571930996159
8370.0,C. Brunt,West Bromwich Albion FC,0.36402431485663644,-0.08941750231863892,2013.3129319666666,8.143276229457465,-2.0002823751363903,0.2746068125379975
8374.0,J. Morrison,West Bromwich Albion FC,0.47277928849569256,-0.12596636205803466,219.71025141666667,1.1541606259997934,-0.3075122341979295,0.34681292643765793
8384.0,S. Long,Southampton FC,0.17235164884057796,-0.12396528216032017,2018.5487309,3.8655578003963456,-2.7803329220041633,0.048386366680257795
8391.0,J. Speroni,Crystal Palace FC,-0.06928916129147754,-0.06670226154854371,1042.62682605,-0.8026970924111083,-0.7727285249857232,-0.13599142284002125
8392.0,N. Clyne,Liverpool FC,0.1543701452242569,-0.09018611298686134,278.50576075000004,0.47769971925299615,-0.27908168896101415,0.06418403223739556
8416.0,G. Murray,Brighton & Hove Albion FC,0.388773407405721,-0.16038330843572038,2281.4858117666668,9.855344588759273,-4.065691584892146,0.22839009897000065
8422.0,W. Zaha,Crystal Palace FC,0.5259398672990713,-0.19154136712518677,2662.69381565,15.560187022900209,-5.666844596504234,0.3343985001738845
8425.0,W. Hennessey,Crystal Palace FC,-0.02654463393239925,-0.056225185249377696,2997.205364016667,-0.8839968800893985,-1.8724269646918401,-0.08276981918177695
8433.0,S. Ward,Burnley FC,0.25606788425911675,-0.08059496295019683,2848.5533918333335,8.104700447176583,-2.5508783897385,0.17547292130891992
8460.0,A. Smith,AFC Bournemouth,0.20689296100905005,-0.06426667302798278,2194.7184002,5.045242093315814,-1.5671916646016761,0.14262628798106727
8464.0,F. Delph,Manchester City FC,0.3112471587236572,-0.02960870194116986,2048.2606297,7.083503347996157,-0.6738482053624466,0.28163845678248733
8471.0,A. Townsend,Crystal Palace FC,0.26778894503518585,-0.11075565889702557,3234.3419978666666,9.623567016574555,-3.9802408785782752,0.15703328613816028
8480.0,K. Schmeichel,Leicester City FC,-0.08036896415972956,-0.05248491461055879,3479.924649966667,-3.1075326607970055,-2.029372756718658,-0.13285387877028837
8488.0,W. Morgan,Leicester City FC,0.13072547999456022,-0.03377214499357586,2958.2692529333335,4.2969018671428785,-1.1100788682233542,0.09695333500098435
8495.0,D. Drinkwater,Chelsea FC,0.4029019622187783,-0.06526961310288752,557.3816431833334,2.495223974925466,-0.4042231577914208,0.33763234911589074
8498.0,A. King,Leicester City FC,0.10933625692562275,-0.024500452339896416,1431.2763035333335,1.738782151718624,-0.3896324095549062,0.08483580458572634
8498.0,A. King,Swansea City AFC,0.2363698313939427,-0.01066954159106214,1431.2763035333335,3.759005983825773,-0.1696784672094509,0.22570028980288054
8501.0,J. Schlupp,Crystal Palace FC,0.1845670128095476,-0.07041069003327811,1826.2020754500002,3.7450740205822513,-1.4287127585848793,0.11415632277626948
8514.0,S. Mignolet,Liverpool FC,-0.09347900783226434,-0.07864262213168124,1781.1382326,-1.849989275506232,-1.5563708998961374,-0.1721216299639456
8516.0,P. Bardsley,Burnley FC,0.2740579044166191,-0.06190649869823794,1178.6002734666667,3.5889413454569876,-0.8107001810567454,0.21215140571838115
8530.0,J. McClean,West Bromwich Albion FC,0.21113696201774124,-0.09538939510020054,1728.2867463833334,4.0545023680767045,-1.831780303302221,0.11574756691754069
8553.0,W. Reid,West Ham United FC,0.1547969082070899,-0.026297127705926907,1525.7001900666667,2.62415191414766,-0.4457948082126677,0.128499780501163
8554.0,J. Tomkins,Crystal Palace FC,0.2478285979712891,-0.034323880661655655,2495.96683865,6.873021802282892,-0.9519029767252505,0.21350471730963344
8561.0,M. Noble,West Ham United FC,0.3441882826934875,-0.0558806560408853,2502.8501707,9.571685578803724,-1.5540101056750864,0.2883076266526022
8566.0,S. Baldock,Brighton & Hove Albion FC,0.062323699422891184,-0.07941274011082565,40.20184586666667,0.02783919731155038,-0.035472652642056346,-0.017089040687934466
8580.0,A. McCarthy,Southampton FC,-0.014118564215987929,-0.04216973783587092,1699.004486,-0.26652782154269516,-0.7960730417398736,-0.05628830205185885
8582.0,A. Cresswell,West Ham United FC,0.26855775500947393,-0.06964834968947758,3203.6808949666665,9.55970387687767,-2.4792343029570767,0.19890940531999635
8583.0,D. Delaney,Crystal Palace FC,0.10960482864095764,-0.07086491980413173,102.10273316666667,0.12434391747228801,-0.08039446664042771,0.038739908836825904
8620.0,M. Diamé,Newcastle United FC,0.21606453253262178,-0.04595101371772086,2131.423793066667,5.11694539419841,-1.0882342661498114,0.17011351881490092
8623.0,J. McArthur,Crystal Palace FC,0.32402447074948354,-0.07086419414703002,2534.6959296,9.12559452332789,-1.995768716209568,0.25316027660245355
8624.0,J. McCarthy,Everton FC,0.12130115166096983,-0.021378100525764932,505.2871264666667,0.6810212262207642,-0.12002309982199222,0.0999230511352049
8625.0,V. Moses,Chelsea FC,0.31116278155868715,-0.09534693345801507,2466.84336795,8.528776044899132,-2.6133994495030493,0.2158158481006721
8627.0,B. Watson,Watford FC,0.22586471304282532,-0.028127917862651206,478.3315420833333,1.2004246276887134,-0.14949411474261431,0.19773679518017412
8643.0,M. Lowton,Burnley FC,0.23385671127212346,-0.05774220608012215,2397.6532722666666,6.230081211368088,-1.5382865483989008,0.1761145051920013
8653.0,H. Maguire,Leicester City FC,0.2261073501252344,-0.04582046948655292,4199.250006166667,10.549792126752436,-2.137906741932966,0.18028688063868148
8677.0,M. Antonio,West Ham United FC,0.34714055652755554,-0.11805477274671626,1405.6414619,5.42172399291303,-1.8438075927551836,0.22908578378083927
8686.0,H. Robson-Kanu,West Bromwich Albion FC,0.2512073192590288,-0.0759315945294247,1169.9632823166667,3.2655926642473787,-0.9870797507464886,0.17527572472960407
8717.0,H. Kane,Tottenham Hotspur FC,0.6471756892347542,-0.15849357710226084,3989.4264546,28.6873312823013,-7.025538548621602,0.48868211213249335
8726.0,A. Begović,AFC Bournemouth,-0.07766293786384515,-0.059819669478906275,3611.7359195833333,-3.116644692257978,-2.400587210606318,-0.13748260734275142
8731.0,R. Shawcross,Stoke City FC,0.16889070074628057,-0.05034925827659427,2485.74139315,4.664651175145991,-1.3906137268058956,0.1185414424696863
8745.0,D. Whitehead,Huddersfield Town FC,0.21301196254620872,-0.020276078108490206,78.14843476666665,0.1849616828840226,-0.017606041859835386,0.1927358844377185
8747.0,P. Crouch,Stoke City FC,0.31567706545281105,-0.0930750476197286,1667.5981096833334,5.849138640216552,-1.7245752607705072,0.22260201783308245
8752.0,J. Walters,Burnley FC,0.007658678158500499,-0.047145587000225475,143.02678021666668,0.012171067530289292,-0.07492312788963318,-0.039486908841724976
8761.0,M. Cranie,Huddersfield Town FC,0.1500551817443057,0.01827371416311984,189.36356238333332,0.3157220418797806,0.038448617910034955,0.16832889590742556
8826.0,K. Darlow,Newcastle United FC,-0.08065478792769762,-0.0597231067803972,939.6991523333334,-0.8421248427475803,-0.6235750312916934,-0.1403778947080948
8833.0,J. Lascelles,Newcastle United FC,0.24270610378983445,-0.01811949503664997,3060.0180297666666,8.252056150347926,-0.6160664611379616,0.22458660875318448
8889.0,A. Mariappa,Watford FC,0.20433357035977082,-0.052756864300703574,2327.6637798666666,5.284665008191951,-1.3644471352454275,0.15157670605906726
8897.0,J. Hogg,Huddersfield Town FC,0.2364023770749589,-0.03515366569904923,2515.574516583333,6.607642171438783,-0.9825740621890873,0.20124871137590966
8903.0,T. Deeney,Watford FC,0.21660116864773113,-0.16409965362450285,2000.75676555,4.815180595533162,-3.64803880237373,0.05250151502322828
8925.0,A. Westwood,Burnley FC,0.21105095831483844,-0.05224513987349244,1169.7114852166667,2.7429858878538944,-0.6790193350752816,0.158805818441346
8935.0,L. Grant,Stoke City FC,-0.07252228105839383,-0.09717753164778187,279.7088336,-0.22539025160949677,-0.3020157114369795,-0.16969981270617568
8944.0,B. Mee,Burnley FC,0.1962164776931534,-0.06843852628231778,2727.6584119,5.946794732590206,-2.074188021244481,0.12777795141083562
8945.0,K. Trippier,Tottenham Hotspur FC,0.2610681827484522,-0.06723133803256291,2550.6843845500002,7.398917078214698,-1.9053991563562305,0.1938368447158893
8953.0,C. Austin,Southampton FC,0.5034927286643112,-0.1118254892730013,1108.7428067166668,6.202710457118906,-1.377618964877911,0.3916672393913099
8955.0,D. Ings,Liverpool FC,0.36144158266132054,-0.15015719779205522,280.70635315000004,1.1273216505069286,-0.46833421546034515,0.21128438486926532
8958.0,J. Rodriguez,West Bromwich Albion FC,0.2775483832148472,-0.11877339677580702,2870.1227978333336,8.851088246296838,-3.7877137095816433,0.1587749864390402
8959.0,J. Stanislas,AFC Bournemouth,0.450888601458125,-0.11481100877326306,1337.45829495,6.700496667984154,-1.7061659559486433,0.3360775926848619
8976.0,T. Carroll,Swansea City AFC,0.22566693730280005,-0.06639246728600924,2683.5672823333334,6.728804551668465,-1.9796517000235616,0.1592744700167908
8980.0,J. Hendrick,Burnley FC,0.2029482898291057,-0.059674855653127946,2791.8613245666666,6.295594236231409,-1.8511546838562936,0.14327343417597777
8981.0,W. Hughes,Watford FC,0.32054753719176937,-0.09044254536300338,1022.7298832166667,3.642594947528094,-1.0277588206324726,0.23010499182876598
8992.0,P. Gazzaniga,Tottenham Hotspur FC,-0.16595430798081412,-0.1452684933203583,93.87025700000001,-0.17309081711573526,-0.15151545335538685,-0.3112228013011724
9097.0,L. Dunk,Brighton & Hove Albion FC,0.22828022486554544,-0.049046157750743634,3565.8646562333333,9.044626506278291,-1.9432440049713477,0.1792340671148018
9123.0,A. Barnes,Burnley FC,0.4022682250956375,-0.1134584344288305,2276.8240009166666,10.176599441154394,-2.8702765179332346,0.288809790666807
9127.0,S. Vokes,Burnley FC,0.34033964151412216,-0.09845773891056007,1291.4800847000001,4.883798544993624,-1.4128467665286735,0.24188190260356207
9164.0,C. Taylor,Burnley FC,0.24819758500993014,-0.05859115474628569,994.45998795,2.742472971091047,-0.6474062115885317,0.18960643026364443
9179.0,N. Wells,Burnley FC,0.14213899804702507,-0.18860101069432447,81.84470091666671,0.129259153152816,-0.17151103680953383,-0.046462012647299405
9194.0,Y. Bolasie,Everton FC,0.26076031527220356,-0.11816059321950176,881.0237523166667,2.5526225712932646,-1.156692102380097,0.1425997220527018
9206.0,C. Wood,Burnley FC,0.5632790100308522,-0.10778545993079063,1674.1425835666666,10.477881968021393,-2.0049803151050583,0.4554935501000616
9227.0,M. Ritchie,Newcastle United FC,0.31261375122763657,-0.0935048000455996,2908.552191466667,10.102815680175087,-3.021817678725347,0.21910895118203697
9277.0,S. Cook,AFC Bournemouth,0.24522297036531096,-0.0574610067884148,2929.737622583333,7.982655135565437,-1.8705074824392796,0.18776196357689617
9279.0,S. Francis,AFC Bournemouth,0.26345930262961303,-0.06788518725595756,2895.0165668833333,8.47465606458066,-2.1836526861330494,0.1955741153736555
9280.0,S. Malone,Huddersfield Town FC,0.22153920584883394,-0.086779393953613,1183.6415980166666,2.913589107047301,-1.141285561490804,0.13475981189522093
9283.0,H. Arter,AFC Bournemouth,0.29597250847073575,-0.03263380258589317,1013.7318682166667,3.333741821697913,-0.36757695180457084,0.2633387058848426
9285.0,C. Daniels,AFC Bournemouth,0.23798605013124205,-0.06306321557405581,3164.5666289333335,8.368030137744267,-2.21741941687651,0.17492283455718624
9293.0,M. Pugh,AFC Bournemouth,0.21007859891541084,-0.1550312414750079,1045.14282245,2.4395793311866,-1.8003309920346364,0.05504735744040293
9380.0,J. Stones,Manchester City FC,0.2531751770194642,-0.040596156270835355,1969.21595605,5.539517758472357,-0.8882510964758694,0.21257902074862883
9403.0,C. Cathcart,Watford FC,0.08155127549677293,-0.00044915608266655457,927.0343340666667,0.8400092485826463,-0.004626478999853134,0.08110211941410637
9414.0,M. Phillips,West Bromwich Albion FC,0.254271419247601,-0.09197747291395732,2195.7598207166666,6.203544066005386,-2.244004882616922,0.1622939463336437
9419.0,T. Ince,Huddersfield Town FC,0.19466181312988862,-0.10380608857445693,2541.7166454666667,5.497501896321774,-2.931618480338715,0.09085572455543169
9433.0,J. Tarkowski,Burnley FC,0.18076709156793455,-0.05012411871998168,2919.7928527500003,5.864471799694002,-1.6261338176555,0.13064297284795287
9532.0,S. Berahino,Stoke City FC,0.08247015715110097,-0.18088530193989213,539.7023587333333,0.49454820377286524,-1.0847136013016776,-0.09841514478879117
9622.0,L. Rosenior,Brighton & Hove Albion FC,0.11110163160414396,-0.09472475235499542,175.58722316666666,0.21675585536286235,-0.1848050692351535,0.016376879249148546
9623.0,R. Brady,Burnley FC,0.22545921801842567,-0.10076815783415798,1704.7566358666668,4.270589978158008,-1.9087242861315608,0.12469106018426769
9637.0,J. King,AFC Bournemouth,0.39545226462132804,-0.12406878729963938,2581.3955832666666,11.342430325403303,-3.558562439517118,0.27138347732168866
9739.0,J. Ibe,AFC Bournemouth,0.28772683827238976,-0.137570293384535,2089.211268116667,6.679135029536206,-3.1934823010787365,0.15015654488785476
10108.0,K. Long,Burnley FC,0.25765451546449936,-0.04391424610293499,1505.0558268166667,4.308715886727441,-0.7343710219720379,0.21374026936156437
10131.0,J. Pickford,Everton FC,-0.07666762612030331,-0.0727231631438853,4233.646106333334,-3.606484408956021,-3.4209348498261534,-0.1493907892641886
10252.0,S. Clucas,Swansea City AFC,0.2618679359756676,-0.06776466210989837,2132.268083616667,6.2041404667054305,-1.6054714023778216,0.19410327386576923
10663.0,A. Gray,Watford FC,0.2901739139975652,-0.0994476954632424,1593.7974524166666,5.138649387634359,-1.7611053742002696,0.1907262185343228
11066.0,R. Sterling,Manchester City FC,0.5386011874003943,-0.15173267774274657,3353.0812744833333,20.06637284318612,-5.653022227404639,0.38686850965764774
11078.0,T. Smith,Huddersfield Town FC,0.2696924238931598,-0.06817435956786963,1977.30453345,5.9251561377896,-1.497794113762211,0.20151806432529015
11152.0,M. Dembélé,Tottenham Hotspur FC,0.22646574267698297,-0.03859071882489322,2193.6963915166666,5.519967583473772,-0.9406257848022506,0.18787502385208976
11294.0,S. Arfield,Burnley FC,0.2374628732383172,-0.03555894323060832,1383.36174725,3.6499672803329304,-0.5465653537539765,0.20190393000770887
11669.0,C. Wilson,AFC Bournemouth,0.4738719622669357,-0.14319442999532359,2063.7851923333333,10.86633265320491,-3.2835838249884546,0.3306775322716121
12242.0,N. Pope,Burnley FC,-0.02089263820216271,-0.09445258197711416,3256.6450576333336,-0.7559989660221618,-3.417761491960846,-0.11534522017927687
12536.0,D. Gayle,Newcastle United FC,0.3270322951531037,-0.11286478129629786,2040.1250841666667,7.413186540827155,-2.558425238239579,0.21416751385680588
12829.0,J. Vardy,Leicester City FC,0.4166396139239783,-0.11587429993466769,3660.3684728333333,16.945050081564244,-4.712695936583236,0.3007653139893106
13451.0,C. Goldson,Brighton & Hove Albion FC,0.11084828253997668,-0.11415674516424518,207.52962158333332,0.2556033569853753,-0.2632322902791202,-0.003308462624268496
13484.0,D. Alli,Tottenham Hotspur FC,0.3764365474504889,-0.12166921970490138,3711.4062714,15.523432922132313,-5.017376722767949,0.2547673277455875
13745.0,F. Ladapo,Crystal Palace FC,0.21039158423824722,-0.12403660005015427,18.995724249999995,0.044406005763448775,-0.026179611682891846,0.08635498418809295
14688.0,S. Prödl,Watford FC,0.16600599130110497,-0.02784953638161795,1787.9477774833333,3.2978893688414246,-0.5532612964161672,0.13815645491948703
14703.0,M. Arnautović,West Ham United FC,0.48213986306618944,-0.11540239184521556,2731.417509916667,14.632502935642377,-3.502356819692068,0.3667374712209739
14748.0,A. Rüdiger,Chelsea FC,0.3390039137839327,-0.05102380435200305,2540.8561563000003,9.57066868164111,-1.4404905267292634,0.28798010943192964
14763.0,S. Okazaki,Leicester City FC,0.4363529321985106,-0.07400174870021811,1450.82108775,7.03411150816828,-1.1929255282739177,0.36235118349829254
14796.0,C. Löwe,Huddersfield Town FC,0.2291584109829304,-0.06090713978957344,1646.4107104166667,4.192098469159566,-1.1142018587822093,0.16825127119335698
14808.0,İ. Gündoğan,Manchester City FC,0.4605248236828155,-0.09711148170458354,1657.3908661666667,8.480773737943478,-1.7883520308565348,0.36341334197823194
14853.0,C. Fuchs,Leicester City FC,0.2555561995661288,-0.0565945030437052,2308.78659455,6.555830307915807,-1.4518292216947302,0.1989616965224236
14869.0,S. Kolašinac,Arsenal FC,0.2952375112979023,-0.1017140462322479,2233.8973718,7.328114450501744,-2.5246526728151366,0.19352346506565443
14870.0,J. Matip,Liverpool FC,0.2328600842657011,-0.05391367534477543,2083.3172562,5.39023813145468,-1.2479921132326126,0.17894640892092567
14886.0,M. Bešić,Everton FC,0.15009328992832768,0.022074018574114784,51.32429048333334,0.08559368457645178,0.012588148238137364,0.17216730850244247
14911.0,Son Heung-Min,Tottenham Hotspur FC,0.489856144396068,-0.12041498257793587,2672.659409916667,14.546873709173873,-3.5758692920207977,0.36944116181813214
15054.0,M. Diouf,Stoke City FC,0.3066260626968704,-0.1379993383122775,2772.0702933666666,9.444322217488661,-4.250487402663566,0.16862672438459292
15175.0,L. Karius,Liverpool FC,-0.20884049780984545,-0.07652184309165191,1784.6290969166666,-4.14114254451124,-1.5173678636783734,-0.28536234090149737
15198.0,E. Choupo-Moting,Stoke City FC,0.3159407878236893,-0.11182359868789657,2356.5859191833333,8.272684576455504,-2.92802131222561,0.20411718913579271
15215.0,C. Schindler,Huddersfield Town FC,0.19086160012508538,-0.03458494106928802,3443.3182090333335,7.302191367954947,-1.3231884149136022,0.15627665905579735
15301.0,U. Hünemeier,Brighton & Hove Albion FC,-0.08856856305236939,0.030568817329740473,21.336772166666663,-0.020997413899749517,0.0072471098974347115,-0.05799974572262892
15474.0,M. Hefele,Huddersfield Town FC,0.28270714464333657,-0.03151228112885842,38.779797366666656,0.12181473092641681,-0.013578220852650702,0.2511948635144782
15526.0,P. Groß,Brighton & Hove Albion FC,0.4437861212448477,-0.1174377359725971,3000.53583715,14.795512898055117,-3.9152903935504146,0.3263483852722506
15808.0,Roberto Firmino,Liverpool FC,0.5736346595692895,-0.15600648170250975,2959.1001872333336,18.86047142816682,-5.1293201023945585,0.41762817786677975
15823.0,D. Williams,Huddersfield Town FC,0.2032254110628413,-0.04368720503178202,1186.9720783666667,2.680254317179788,-0.5761721394956112,0.15953820603105928
16122.0,E. Kachunga,Huddersfield Town FC,0.16291484051947502,-0.08368778475754474,1363.2539202,2.4677143888548017,-1.2676411182619631,0.07922705576193029
16436.0,C. Quaner,Huddersfield Town FC,0.16630067060344011,-0.11567678415149213,1360.6181893,2.5141301923980937,-1.7487992955138907,0.050623886451947986
18550.0,E. Can,Liverpool FC,0.3757298573419325,-0.049578613047781696,2244.6685555333333,9.370988846116234,-1.2365283748367801,0.32615124429415077
20420.0,Z. Ibrahimović,Manchester United FC,0.11308188568231364,-0.07938308911159073,400.31873478333335,0.5029866378139705,-0.353094864403829,0.033698796570722916
20441.0,E. Lamela,Tottenham Hotspur FC,0.3425698785367236,-0.19614826023265108,908.7598445000001,3.459041661660187,-1.9805740274218842,0.14642161830407252
20450.0,Bojan,Stoke City FC,0.02011969329173389,-0.002215151839222907,542.4389833666667,0.12126339972019196,-0.013350941240787506,0.017904541452510983
20505.0,S. Okaka,Watford FC,0.30390425029364987,-0.14289546393541935,504.17765288333334,1.702463684603572,-0.8004966623848304,0.16100878635823052
20593.0,R. Pereyra,Watford FC,0.43832811383022063,-0.15154794544268338,1710.30570755,8.32972305403836,-2.87992573397886,0.2867801683875373
20606.0,S. Romero,Manchester United FC,-0.029612864680894864,-0.16901063193090196,93.08104575000002,-0.030626626801677048,-0.17479651514440775,-0.19862349661179682
20612.0,S. Mustafi,Arsenal FC,0.3259648022890395,-0.05036675888830977,2499.234624166667,9.051805779337883,-1.398648308007978,0.27559804340072974
20620.0,Pedro Obiang,West Ham United FC,0.28130607195325424,-0.030088476601513606,1634.6856388166668,5.109411065932363,-0.5465022288262844,0.25121759535174065
20855.0,E. Schelotto,Brighton & Hove Albion FC,0.1773819255827605,-0.0645317675736432,1378.6434829166667,2.717182618798688,-0.9885144534055144,0.1128501580091173
20857.0,M. Gabbiadini,Southampton FC,0.28465159115177335,-0.08779953241324817,1153.4759189833335,3.6482083965984433,-1.1252738481853157,0.19685205873852518
21095.0,M. Darmian,Manchester United FC,0.16607260858201475,-0.06048046397349103,576.1528575833333,1.0631467555649579,-0.38717769051436335,0.10559214460852373
21100.0,A. Ogbonna,West Ham United FC,0.18975313037830924,-0.030487189632759114,3108.349507916667,6.553544993745163,-1.052942676586099,0.15926594074555012
21160.0,M. Britos,Watford FC,0.30042988494776096,-0.05106416919618507,925.6653442666666,3.089972587535158,-0.5252036862075329,0.2493657157515759
21164.0,F. Fernández,Swansea City AFC,0.1740351265718106,-0.03097204392998984,2794.62128625,5.404025214142166,-0.9617237027268857,0.14306308264182077
21333.0,Y. Benalouane,Leicester City FC,0.08185894795647353,-0.0249529660737179,147.04202551666665,0.1337411723798141,-0.04076816304586828,0.05690598188275563
22889.0,D. Zappacosta,Chelsea FC,0.24439355153534156,-0.1341951699083917,1257.3021320833334,3.4141837045866996,-1.874709702678956,0.11019838162694987
25381.0,H. Lloris,Tottenham Hotspur FC,-0.16415469936149976,-0.04859298022719581,4617.887049483334,-8.422754003258888,-2.4932988231885247,-0.21274767958869556
25393.0,D. Lovren,Liverpool FC,0.24140438474799789,-0.03600501269317292,2798.7889052666665,7.5071101523935795,-1.1196714451070875,0.20539937205482497
25413.0,A. Lacazette,Arsenal FC,0.6140682794317901,-0.17398259809793185,2278.7988812,15.548201201661914,-4.405237221042626,0.4400856813338583
25415.0,J. Pied,Southampton FC,0.2727322711384314,-0.07016457021102719,186.38080071666667,0.5648006564006209,-0.14530365308746696,0.20256770092740423
25430.0,M. Sakho,Crystal Palace FC,0.24524518878226137,-0.02418870775478988,1662.7648671000002,4.530945374805015,-0.4468903715023771,0.2210564810274715
25537.0,G. Krychowiak,West Bromwich Albion FC,0.13731340046565224,-0.038443245038712194,2478.673908216667,3.781723810919095,-1.0587585380515083,0.09887015542694005
25553.0,Azpilicueta,Chelsea FC,0.3821941821266943,-0.06536572584366145,3489.83949055,14.819959442713298,-2.5346210153074935,0.31682845628303286
25571.0,J. Ayew,Swansea City AFC,0.2968798573619893,-0.09842245226451725,3038.1229138833332,10.021749970243059,-3.3224389718379825,0.19845740509747206
25572.0,A. Ayew,Swansea City AFC,0.09201335101552321,-0.059384921547151255,1928.9112285166668,1.97206206608098,-1.272758244187571,0.03262842946837196
25572.0,A. Ayew,West Ham United FC,0.1761343692945218,-0.07138688106110327,1928.9112285166668,3.774972918443382,-1.5299884049727321,0.10474748823341853
25604.0,H. Saivet,Newcastle United FC,1.1924935803266175,-0.13984899010643903,83.0,1.0997440796345472,-0.12897184643149376,1.0526445902201784
25662.0,D. Ospina,Arsenal FC,-0.09727480601659297,-0.016801868841324303,778.2579487666667,-0.8411654555238783,-0.1452909775543958,-0.11407667485791727
25703.0,P. Souaré,Crystal Palace FC,0.23775820299077957,0.0,9.086202333333333,0.02400354598648846,0.0,0.23775820299077957
25706.0,I. Gueye,Everton FC,0.24316249692311287,-0.02997127702383141,3167.80688485,8.558798132115044,-1.0549246411537752,0.21319121989928147
25707.0,E. Hazard,Chelsea FC,0.49304564324255035,-0.10904327891146541,3495.53614215,19.149542952043664,-4.235163583261892,0.3840023643310849
25747.0,S. Mané,Liverpool FC,0.5173662848727608,-0.13326779967215993,2595.6450784333333,14.921102789747994,-3.8435100925853476,0.38409848520060086
25785.0,S. Aurier,Tottenham Hotspur FC,0.41053679683617317,-0.11379271211588492,1512.30772585,6.898421884456184,-1.9121066408697516,0.29674408472028824
25798.0,E. Capoue,Watford FC,0.25073522234657813,-0.044180727836591854,1619.0508513833333,4.510589724577963,-0.7947871668729931,0.20655449450998628
25804.0,M. Sissoko,Tottenham Hotspur FC,0.13913558902095985,-0.09500835869698629,1885.7311172000002,2.915247885853052,-1.9906690932111815,0.04412723032397356
25854.0,K. Zouma,Stoke City FC,0.2232485184976384,-0.03252879116850681,3026.0778806333333,7.506304485665169,-1.093718393763993,0.19071972732913162
25865.0,B. Sako,Crystal Palace FC,0.6108854544329843,-0.093551762493235,535.4897974166668,3.634699202656746,-0.5566223816163838,0.5173336919397492
25867.0,P. Aubameyang,Arsenal FC,0.3149268109608994,-0.11525943282379347,2584.9889678333334,9.045359244542874,-3.310492914313704,0.19966737813710594
25885.0,M. Wagué,Watford FC,0.3053882120732837,-0.048496953864066175,514.9270382333333,1.7472516394918784,-0.2774710312951356,0.25689125820921754
25950.0,A. Knockaert,Brighton & Hove Albion FC,0.3176674297918999,-0.12390514733868202,2521.6202388166666,8.900406890845858,-3.4715747469197957,0.19376228245321786
26010.0,O. Giroud,Arsenal FC,0.18118348535645343,-0.04594332166364727,2123.0664154666665,4.27405080886092,-1.083785813767463,0.13524016369280617
26010.0,O. Giroud,Chelsea FC,0.17141561742926342,-0.08645036444554882,2123.0664154666665,4.043630449450575,-2.0393318373244256,0.0849652529837146
26109.0,M. Haïdara,Newcastle United FC,0.04618266811427546,0.0,7.001117833333325,0.003592558903619647,0.0,0.04618266811427546
26136.0,B. Mendy,Manchester City FC,0.2630588059567207,-0.13398152053313173,430.1725598666667,1.2573408883763477,-0.6403908184729517,0.12907728542358898
26150.0,R. Mahrez,Leicester City FC,0.6491279484011431,-0.13956985181102852,3063.065477116667,22.092460099767894,-4.7501288303183395,0.5095580965901145
26495.0,G. Bong,Brighton & Hove Albion FC,0.1566796826367751,-0.04176115247309487,2326.46396675,4.050107066403143,-1.0795090715400875,0.11491853016368023
26499.0,A. Masuaku,West Ham United FC,0.2288814259219441,-0.0706958543239464,1967.8382457833334,5.004462485318072,-1.5457556217443198,0.1581855715979977
26610.0,D. Sakho,West Ham United FC,0.14161703466057668,-0.027399756500993126,1166.81384535,1.8360079642152414,-0.3552268360508606,0.11421727815958355
28291.0,T. Bakayoko,Chelsea FC,0.2698847582920095,-0.07611016626705545,2282.823326,6.8455469062319025,-1.9305118100019172,0.193774592024954
28292.0,A. Doucouré,Watford FC,0.4287237064932646,-0.0799925094544061,3496.8819061833333,16.65773524431279,-3.108048432681244,0.34873119703885846
29640.0,M. Lemina,Southampton FC,0.2524313925251226,-0.04155812506277507,1799.8239524,5.0481340733822435,-0.8310812100535259,0.21087326746234752
31528.0,N. Kanté,Chelsea FC,0.243047297085911,-0.029951744078244264,4001.841760216667,10.807075813179836,-1.3318015582626686,0.21309555300766672
32636.0,C. Tosun,Everton FC,0.3794756350821643,-0.10324169518026088,1091.2845733333334,4.601287850233726,-1.2518452141666785,0.2762339399019034
32968.0,N. Amrabat,Watford FC,0.00962819207658768,-0.0072282997380394565,2184.4447030166666,0.23369170201476663,-0.17544245638418943,0.002399892338548223
37725.0,C. Kouyaté,West Ham United FC,0.16509935835267237,-0.039932770128899314,3055.5893264333336,5.605287079815753,-1.3557571797864512,0.12516658822377305
37726.0,C. Mbemba,Newcastle United FC,0.14609277239568375,-0.03216403712719308,701.2197974000001,1.1382571584545076,-0.250600662198849,0.11392873526849066
38021.0,K. De Bruyne,Manchester City FC,0.45692885816107753,-0.139636314939704,4219.891767316667,21.424336964481512,-6.547223731472157,0.31729254322137357
38031.0,C. Benteke,Crystal Palace FC,0.16298492204756967,-0.19165939010156224,2362.6059939666666,4.278546152841978,-5.031284709488295,-0.02867446805399257
38093.0,M. Batshuayi,Chelsea FC,0.13553675997965559,-0.03548502460320166,1406.6187372666666,2.1183171797310933,-0.5545988944359124,0.10005173537645393
38377.0,L. Depoitre,Huddersfield Town FC,0.33787162638112717,-0.08902915687033149,1919.4301051333334,7.2057885705144145,-1.8987249325728044,0.2488424695107957
40765.0,Lucas Moura,Tottenham Hotspur FC,0.2027807112816465,-0.08324435387872582,309.19449628333336,0.696651998674497,-0.2859855118440464,0.11953635740292066
40787.0,Emerson,Chelsea FC,0.08562592520711525,-0.07774646624116344,312.6861473166667,0.29748934070486577,-0.27011381107149646,0.00787945896595181
41174.0,M. Lanzini,West Ham United FC,0.46893336376656325,-0.1268278106792251,2125.8753713833335,11.076598765014205,-2.995779101438142,0.34210555308733814
49859.0,A. Dragović,Leicester City FC,0.11188614793137908,-0.006898606501467588,1038.6829318166667,1.291269246255979,-0.0796162758488208,0.10498754142991149
49872.0,X. Shaqiri,Stoke City FC,0.3773373502169823,-0.09664491307106209,3876.4344835166667,16.252483514443504,-4.16264081872373,0.2806924371459202
49876.0,G. Xhaka,Arsenal FC,0.3173022262578788,-0.08221474403350917,4139.928880683334,14.595651671001223,-3.7818132582479156,0.23508748222436962
49971.0,M. Bauer,Stoke City FC,0.1848330310074946,-0.04228001843791029,1359.5347061,2.7920768943149596,-0.6386794715654105,0.1425530125695843
55224.0,A. Sørloth,Crystal Palace FC,0.1199853271293028,-0.11817018114518194,374.7475107,0.4996022518025711,-0.4920442358125001,0.0018151459841208584
55979.0,M. Jørgensen,Huddersfield Town FC,0.19571681038284403,-0.048386632459406116,3770.5855392333333,8.199633055715822,-2.027177073818166,0.14733017792343792
56038.0,J. Lössl,Huddersfield Town FC,-0.14702132816678493,-0.08715239786890908,3570.8253098333334,-5.8331942189252,-3.457844312477391,-0.234173726035694
58978.0,G. Cameron,Stoke City FC,0.14302379177417754,-0.0424610779867431,1596.1774795666668,2.536570616357494,-0.7530601826729253,0.10056271378743445
61390.0,M. Ryan,Brighton & Hove Albion FC,-0.07141582585657774,-0.06845920511974739,3848.31148885,-3.053670479217544,-2.9272482842206955,-0.13987503097632514
61941.0,F. Forster,Southampton FC,-0.07691227039920855,-0.08232043930701376,1888.3222191333334,-1.613723879097961,-1.7271946070250124,-0.1592327097062223
61961.0,B. Kayal,Brighton & Hove Albion FC,0.18680043292573117,-0.027638718250604134,795.3037684333334,1.6507009805645794,-0.24423529754858464,0.15916171467512705
61962.0,Sung-Yeung Ki,Swansea City AFC,0.26151787678218485,-0.046033478655756785,2145.35699565,6.233880071579945,-1.0973138385359198,0.21548439812642806
61967.0,V. Wanyama,Tottenham Hotspur FC,0.34565192217926693,-0.05762605384617357,906.7837603,3.482572774984874,-0.5806041088653728,0.28802586833309335
61979.0,K. Bartley,Swansea City AFC,0.2528175246409128,-0.040155773150701415,246.03064618333332,0.6911206550430506,-0.10977278684731573,0.21266175149021138
61988.0,S. Davis,Southampton FC,0.2916741886045178,-0.0800028857516902,1962.9216146833332,6.361484102855902,-1.7448821519892663,0.21167130285282762
62091.0,J. Murphy,Brighton & Hove Albion FC,0.08154767663179675,-0.07737533560782053,179.63042388333332,0.16276048577856272,-0.15443293703719974,0.00417234102397622
62224.0,R. Fraser,AFC Bournemouth,0.4548204284508984,-0.12116314405959422,2089.862849716667,10.561247963463888,-2.8134928169446067,0.33365728439130415
62344.0,J. Fulton,Swansea City AFC,0.13457864727818122,-0.039621347669954635,27.47705055,0.04108693660236895,-0.012096419697627425,0.09495729960822659
62389.0,A. Mooy,Huddersfield Town FC,0.28280785131065245,-0.057852871436859854,3473.7985046333333,10.91574989979456,-2.2329913142900915,0.2249549798737926
64966.0,M. Suttner,Brighton & Hove Albion FC,0.24335849347300992,-0.03676573106013087,1230.9641558166666,3.3285064719868824,-0.5028588566379621,0.20659276241287905
65254.0,K. Wimmer,Stoke City FC,0.19511388688598058,-0.0346147949116152,1397.23644855,3.02911371528171,-0.5373894789954647,0.16049909197436538
68085.0,C. Kabasele,Watford FC,0.21429179589800587,-0.05839570975055297,2447.0312684833334,5.826430279354099,-1.5877347522764467,0.1558960861474529
70083.0,Danilo,Manchester City FC,0.4336458272670655,-0.0778440148995444,1520.5316439166668,7.326357806799933,-1.3151587549364194,0.3558018123675211
70085.0,E. Mangala,Everton FC,0.03434337703607258,-0.033564354653148123,675.95426325,0.2579394680215046,-0.25208854023367167,0.0007790223829244533
70085.0,E. Mangala,Manchester City FC,0.16090661922756425,-0.018141253216475955,675.95426325,1.2085057250224054,-0.13625174947082996,0.1427653660110883
70086.0,N. Otamendi,Manchester City FC,0.35195906224460977,-0.06213109904590789,3482.60185765,13.61925871099811,-2.404198677279055,0.28982796319870185
70092.0,S. Defour,Burnley FC,0.2748538488380411,-0.03683211550604295,2063.3685078666667,6.301386399537325,-0.8444247468141839,0.23802173333199814
70122.0,N. Matić,Manchester United FC,0.29799656488267723,-0.04034361707111704,3545.4504349833333,11.739245006520301,-1.5892921632621437,0.2576529478115602
70156.0,A. Carrillo,Watford FC,0.25721979676859047,-0.09919448718156428,1906.6798516,5.44928671034798,-2.101468112209812,0.1580253095870262
70215.0,C. Atsu,Newcastle United FC,0.2710356774391587,-0.1294232737598979,1869.1325170833334,5.628906644347124,-2.687880549466703,0.14161240367926078
70389.0,Cédric Soares,Southampton FC,0.1756967844325054,-0.06672976485309393,3584.0771031833333,6.996786913194228,-2.6573846923420206,0.10896701957941146
70403.0,Adrien Silva,Leicester City FC,0.12380053216151894,-0.031424887470248304,1307.6470721833334,1.7987489268416539,-0.4565851343795657,0.09237564469127063
70965.0,João Mário,West Ham United FC,0.13266288842977753,-0.05236162187416861,2451.46650845,3.6135403099982066,-1.426252915029414,0.08030126655560892
71654.0,Ederson,Manchester City FC,-0.30899258111980726,-0.08021049444519593,3337.8811059,-11.459783315367531,-2.9748121544835158,-0.3892030755650032
71703.0,V. Lindelöf,Manchester United FC,0.12739387428163085,-0.00023352600990006394,2010.7707517666668,2.8462208484415896,-0.005217414116486907,0.12716034827173078
77502.0,T. Heaton,Burnley FC,0.10693996729201684,-0.07916278305378567,319.60848810000005,0.37976579181849957,-0.2811233045067638,0.027777184238231167
77536.0,M. Vorm,Tottenham Hotspur FC,0.0655048118450101,-0.05135694350361207,95.02412498333334,0.06916152697522193,-0.054223873536102474,0.014147868341398029
77541.0,Àngel Rangel,Swansea City AFC,0.2826169063114534,-0.061189736065088644,166.80751823333333,0.5238069416955113,-0.11341008904855698,0.22142717024636477
77546.0,A. Williams,Everton FC,0.17478148593013554,-0.04235149510248232,2475.9305581500003,4.808298022369854,-1.1651040100841783,0.13242999082765322
77548.0,J. Allen,Stoke City FC,0.2136608237973088,-0.05122015964179105,3832.99305395,9.099560594625771,-2.181405734768836,0.16244066415551775
77550.0,L. Britton,Swansea City AFC,0.15145485026229924,-0.019649456732573813,306.06184035,0.5150505577912554,-0.06682165432721376,0.13180539352972542
77552.0,N. Dyer,Swansea City AFC,0.13928076320568766,-0.07245023455752408,1362.2833947333334,2.1082207880099304,-1.096641683136113,0.06683052864816358
77557.0,W. Routledge,Swansea City AFC,0.22083325766817746,-0.1435888148873932,459.21906295,1.126787129495293,-0.7326524558076635,0.07724444278078427
77558.0,G. Sigurðsson,Everton FC,0.27648369082081187,-0.08310715250607852,3102.4629502666667,9.530893412495033,-2.864854017247446,0.19337653831473334
86239.0,G. Carrillo,Southampton FC,0.051364442269306906,-0.03621966127413719,914.4359438500001,0.5218832471873611,-0.3680062238126993,0.015144780995169714
86308.0,C. Yacob,West Bromwich Albion FC,0.16837833539107927,-0.03766623112888141,951.9430248333333,1.7809620212065056,-0.39840117772109807,0.13071210426219787
86325.0,Ramiro Funes Mori,Everton FC,0.24541420865412394,-0.052346198461019504,132.7408665333333,0.3619610524037853,-0.07720533048268408,0.19306801019310443
91381.0,J. Izquierdo,Brighton & Hove Albion FC,0.3054705209657723,-0.08426293896015637,2134.90619855,7.246121207601391,-1.9988163410453126,0.22120758200561597
92864.0,O. Karnezis,Watford FC,-0.08774094788363415,-0.08113170548874302,1363.2456977,-1.3290274412720464,-1.2289160939399153,-0.16887265337237717
92899.0,J. Holebas,Watford FC,0.31368706261123647,-0.11435152578497852,2518.2890270666667,8.77727430785168,-3.199668806807138,0.19933553682625793
92922.0,K. Mirallas,Everton FC,0.2505929437942972,-0.08512150156272981,149.54387345,0.41638488304708154,-0.14143776730634272,0.1654714422315674
92947.0,K. Stafylidis,Stoke City FC,0.197553734349268,-0.038687065753597254,389.12386788333333,0.8541430358309299,-0.1672673407010734,0.15886666859567075
93084.0,E. Jakupovic,Leicester City FC,0.16755668922804773,-0.028225321594709862,191.34158258333332,0.35622846765909344,-0.060007530031725764,0.13933136763333787
101652.0,M. Rojo,Manchester United FC,0.0961959642632303,-0.013282317347838099,901.6020395166668,0.9636719730333425,-0.1330596045590937,0.0829136469153922
104851.0,M. Dúbravka,Newcastle United FC,-0.022748527514463435,-0.04640927760422625,1130.5925768,-0.2857701815664768,-0.5829998305998743,-0.06915780511868969
105333.0,Willian,Chelsea FC,0.4210279536751138,-0.12220730274025884,2364.58421215,11.061733912599951,-3.210771762989461,0.298820650934855
105338.0,H. Mkhitaryan,Arsenal FC,0.2212878352374252,-0.0914606126941514,1763.1467733666666,4.335143696490675,-1.7917609351314605,0.1298272225432738
105338.0,H. Mkhitaryan,Manchester United FC,0.14694969691590334,-0.08683076198745315,1763.1467733666666,2.8788209329387175,-1.701059753634967,0.06011893492845019
105339.0,Fernandinho,Manchester City FC,0.40301078638690624,-0.06611959994639519,3189.0908492000003,14.280422344393097,-2.342904568242375,0.3368911864405111
119630.0,I. Slimani,Leicester City FC,0.31687138637723405,-0.08666653913085366,431.46092745000004,1.5190846916520968,-0.41548028169199824,0.2302048472463804
119630.0,I. Slimani,Newcastle United FC,0.0754367935375087,-0.03312140085033452,431.46092745000004,0.36164476559497416,-0.15878433699253947,0.042315392687174186
119951.0,Ahmed Hegazy,West Bromwich Albion FC,0.18012523033883804,-0.044496738529344756,3841.7827178833336,7.6889110774500296,-1.8994089009356685,0.13562849180949327
120339.0,Mohamed Elneny,Arsenal FC,0.2405742322510629,-0.044800734376750355,1157.3377914333335,3.0936183403246105,-0.5761064775353297,0.19577349787431253
120353.0,Mohamed Salah,Liverpool FC,0.9789803919323375,-0.23110354940223066,3186.109293416667,34.657094720092346,-8.181346294355832,0.7478768425301069
127537.0,L. Milivojević,Crystal Palace FC,0.3006268675782252,-0.05959981101950151,3397.3724505333334,11.348238197782166,-2.249808400162749,0.2410270565587237
128214.0,A. Mitrović,Newcastle United FC,0.27641769287577816,-0.10215327379650121,388.50560483333334,1.1932202550815418,-0.44096799357794225,0.17426441907927695
134102.0,N. Aké,AFC Bournemouth,0.20946436350687553,-0.043578138766661896,3538.4729773833333,8.235377666598652,-1.7133340714499354,0.16588622474021364
134294.0,I. Hayden,Newcastle United FC,0.22453946641286454,-0.05129324686545391,1442.3885994,3.5985907385475002,-0.8220532722771168,0.17324621954741062
134351.0,B. Afobe,AFC Bournemouth,0.03476207162467766,-0.08676747310669884,663.8527564833333,0.25640996743459255,-0.6400091799441725,-0.05200540148202118
134502.0,A. Laporte,Manchester City FC,0.09886530466353086,-0.022641252743767274,2611.68061125,2.8689399923896417,-0.6570191200589761,0.07622405191976359
134513.0,A. Martial,Manchester United FC,0.659685346899129,-0.17429997993675905,1696.1329397333334,12.432378297055818,-3.284843748506624,0.48538536696237
134708.0,D. Origi,Liverpool FC,6.0719291075442475e-05,-0.0005353976704622708,2076.3657045,0.0014008383732289076,-0.012352015124633908,-0.00047467837938682835
135103.0,A. Christensen,Chelsea FC,0.17343073271361764,-0.027197465919323673,2489.0779031833335,4.796473383670673,-0.7521845715818927,0.14623326679429396
135114.0,P. Højbjerg,Southampton FC,0.2511003835664,-0.07238829419996477,1753.7243507333333,4.892898412654176,-1.410545713850297,0.17871208936643523
136441.0,B. Davies,Tottenham Hotspur FC,0.24701451146166273,-0.09000150226693193,2897.87522295,7.953524805265014,-2.8979235938624477,0.1570130091947308
145692.0,O. Niasse,Everton FC,0.6158776101449893,-0.1445652169155734,1157.5669493333332,7.921328514869325,-1.8593768569407985,0.4713123932294159
149019.0,D. Simpson,Leicester City FC,0.20535326119347383,-0.06229109959651991,2403.822105166667,5.484807873610407,-1.6637413573917001,0.14306216159695392
167145.0,Bellerín,Arsenal FC,0.3043022958141818,-0.0995824592879494,3182.9903954,10.76212538749678,-3.5218890162650496,0.20471983652623238
171283.0,C. Chambers,Arsenal FC,0.32291748550800947,-0.06229600272552325,899.529131,3.2274853902636096,-0.6226341021829285,0.2606214827824862
189821.0,M. Zeegelaar,Watford FC,0.27988930332042244,-0.07452078627601368,1097.62008665,3.4134680151441135,-0.9088390209944919,0.20536851704440878
192748.0,M. James,Leicester City FC,0.17457447735194334,-0.058629746872250484,1036.3231514333334,2.0101730281021446,-0.6751040449598804,0.11594473047969286
207164.0,B. N'Diaye,Stoke City FC,0.2636461139638793,-0.034810586639703066,1268.75498725,3.7166924662305973,-0.49073450453579426,0.22883552732417625
210044.0,E. Dier,Tottenham Hotspur FC,0.20267435784994417,-0.06476175106629224,3487.6470408833334,7.853962493536528,-2.5096236607641913,0.13791260678365191
212651.0,C. Musonda,Chelsea FC,0.3044946126227196,-0.06829565554141875,46.53662193333335,0.1574461185373366,-0.03531387890689075,0.23619895708130084
214654.0,S. Mounié,Huddersfield Town FC,0.41454915551572463,-0.12391098793337973,1938.3028395000001,8.928020058316179,-2.668633552850224,0.2906381675823449
215983.0,S. Boufal,Southampton FC,0.3535068197701918,-0.15669105858285398,1288.2308226,5.059982013636269,-2.2428250143583863,0.19681576118733785
217078.0,D. Amartey,Leicester City FC,0.21865258772991975,-0.03452254410481984,529.6832191166667,1.2868511837441474,-0.20317791437264532,0.1841300436250999
222220.0,A. Robertson,Liverpool FC,0.3037745178987259,-0.11250233441601669,2013.6635473000001,6.796663036569953,-2.517131664440967,0.1912721834827092
224206.0,S. Byram,West Ham United FC,0.24534179428039044,-0.12917000286911876,261.0139238666667,0.7115291601512581,-0.37461299216374755,0.11617179141127168
227756.0,J. Boga,Chelsea FC,-0.4956851003225893,0.0,18.0,-0.09913702006451786,0.0,-0.4956851003225893
230020.0,A. Iwobi,Arsenal FC,0.36681728522249846,-0.13234445932956504,1950.6438168333334,7.950331881409511,-2.868410014259629,0.23447282589293342
230883.0,Ayoze Pérez,Newcastle United FC,0.41403236326858983,-0.11053909722719989,2598.2123193166667,11.952710964891594,-3.1911560464650393,0.30349326604138993
234408.0,J. Sinclair,Watford FC,-0.11698890415045918,-0.03973118025287905,43.00174555000001,-0.05589696764945984,-0.018983445595949888,-0.15672008440333823
235555.0,R. Loftus-Cheek,Crystal Palace FC,0.24462824894160684,-0.08346006929840177,2242.5561586,6.095473180350382,-2.0795988044701517,0.16116817964320507
237268.0,M. Grujić,Liverpool FC,0.10396304291283366,-0.08470463711244842,21.204278050000013,0.02449401409830898,-0.01995667419396341,0.019258405800385237
239411.0,T. Mings,AFC Bournemouth,0.3402635278980341,-0.12038273196736657,212.09565811666664,0.8018712986959144,-0.28369616402778774,0.21988079593066753
240032.0,J. Bednarek,Southampton FC,0.22070578204929941,-0.03434239464068821,681.1612807,1.6704025906510651,-0.25991899461951107,0.1863633874086112
240070.0,H. Winks,Tottenham Hotspur FC,0.23010191201515312,-0.03596551073317542,817.9045882166668,2.0911267732735723,-0.3268484027357772,0.1941364012819777
240559.0,J. Riedewald,Crystal Palace FC,0.30401354491245475,-0.03777033522366198,486.8455655,1.6445294021395966,-0.20431466901209205,0.2662432096887928
241564.0,O. Zinchenko,Manchester City FC,0.2778219589850804,-0.03348094706752542,654.33421075,2.0198712473502383,-0.24341921193990856,0.24434101191755497
245364.0,L. Sané,Manchester City FC,0.4724233374737798,-0.19255478725886063,2537.9120162,13.321876276755706,-5.429856759567745,0.2798685502149192
245813.0,L. Mousset,AFC Bournemouth,0.40133457432827624,-0.14290567255954778,674.8668125166666,3.0094153881073,-1.0715810636756942,0.25842890176872846
246866.0,A. Mawson,Swansea City AFC,0.2563463159667282,-0.04468346545767656,3570.4203291666668,10.169601087050978,-1.7726528160856105,0.21166285050905162
247248.0,S. March,Brighton & Hove Albion FC,0.2333446247322467,-0.08832830014549536,1953.71701985,5.065437386998907,-1.9174278147630393,0.14501632458675134
252365.0,D. Yedlin,Newcastle United FC,0.18884141890633463,-0.050532590227565205,2979.120982433333,6.250904815737158,-1.67269666492939,0.13830882867876942
254898.0,Kenedy,Newcastle United FC,0.3045889958914871,-0.1062708514048701,1056.1794295,3.5744514656960966,-1.2471231912141665,0.198318144486617
255935.0,I. Brown,Brighton & Hove Albion FC,0.15398191335437988,-0.053117995473477654,340.05926593333334,0.5818108491366729,-0.20070296165067703,0.10086391788090224
256998.0,E. Bailly,Manchester United FC,0.2862999718921379,-0.03825963304717511,1050.5500810333333,3.3419162074569613,-0.4465962288668379,0.2480403388449628
257762.0,D. Sánchez,Tottenham Hotspur FC,0.21494486799775286,-0.03429979105469828,3083.4786330166667,7.364198974973988,-1.1751408092677593,0.1806450769430546
257899.0,J. Gomez,Liverpool FC,0.2622531894476789,-0.043627138821577316,1990.2195297,5.799349104054272,-0.9647509300848469,0.21862605062610158
258162.0,Renato Sanches,Swansea City AFC,0.11421885260073854,-0.07027974758021213,1099.82504915,1.3957861686162651,-0.858838075962849,0.043939105020526406
259531.0,E. Hyndman,AFC Bournemouth,0.12008133993515649,-0.026108661263991716,59.0,0.07871998951304704,-0.017115677939727902,0.09397267867116477
265318.0,E. Fernandes,West Ham United FC,0.11943461604394248,-0.04994944830266211,877.7901626666667,1.1648725671693683,-0.487168159452267,0.06948516774128037
265366.0,W. Ndidi,Leicester City FC,0.1796813517430585,-0.07444886513133223,3354.8857992000003,6.697893503820524,-2.7751937821740285,0.10523248661172627
265673.0,Bernardo Silva,Manchester City FC,0.3739680126568986,-0.10940159102619057,1874.6042835666667,7.789355982705951,-2.2787187907411717,0.26456642163070804
268776.0,W. Hoedt,Southampton FC,0.1680836721799226,-0.05594542589870233,2646.3159135166666,4.942249961022753,-1.6449918982689269,0.11213824628122027
270828.0,G. N'Koudou,Burnley FC,0.17658705902733804,-0.14105148139117837,254.8748698666667,0.5000844854414463,-0.39944975515641273,0.035535577636159665
270828.0,G. N'Koudou,Tottenham Hotspur FC,0.0,0.0028424127661156036,254.8748698666667,0.0,0.00804955093190074,0.0028424127661156036
274488.0,J. Lolley,Huddersfield Town FC,0.5507439829904764,-0.08785526805311518,238.01495586666664,1.4565033867256716,-0.23234297498129308,0.4628887149373613
277002.0,F. Diabaté,Leicester City FC,0.15644604003461263,-0.11642720049545688,629.6888616166667,1.09458143170923,-0.8145879037911072,0.04001883953915575
279709.0,K. Palmer,Huddersfield Town FC,0.07413496689852087,-0.07622378239818856,179.68064771666667,0.14800687634199858,-0.15217709547467528,-0.00208881549966769
279717.0,A. Maitland-Niles,Arsenal FC,0.23076558237095618,-0.07660565466171469,967.1934737500001,2.4799440581700765,-0.823249880457297,0.15415992770924147
280157.0,J. Hugill,West Ham United FC,0.04632870595619546,-0.1338173183000222,32.98757271666666,0.016980795073322952,-0.04904787242412567,-0.08748861234382674
281135.0,M. Targett,Southampton FC,0.3244744557200504,-0.08154498188923416,172.85243616666668,0.6231800016118214,-0.1566138752968982,0.24292947383081626
282550.0,F. Hadergjonaj,Huddersfield Town FC,0.2364062316789454,-0.09026616082738824,1751.51820585,4.600775764022954,-1.7566980451261625,0.14614007085155717
283142.0,D. Gray,Leicester City FC,0.30115800582191615,-0.12213146655970156,1791.4082846333333,5.994410517922603,-2.4309702334385364,0.1790265392622146
284476.0,N. Vlašić,Everton FC,0.1454758665298554,-0.10529157892864738,605.3200022333333,0.9784383539194241,-0.7081677643582225,0.04018428760120801
285508.0,K. Iheanacho,Leicester City FC,0.37945084579663274,-0.0938442463660301,1037.9210241166666,4.376000116346404,-1.0822546255076304,0.2856065994306026
286825.0,J. Kenny,Everton FC,0.2825965445448554,-0.03325440762870782,1671.0022021166667,5.246882758277934,-0.6174243153072894,0.24934213691614757
286831.0,D. Solanke,Liverpool FC,0.23599860117583907,-0.29550887999824443,648.2655284833334,1.6998861990286969,-2.128535780706443,-0.059510278822405366
288865.0,O. McBurnie,Swansea City AFC,0.09960269115627254,-0.027963180129825852,303.39739423333333,0.33576885506045073,-0.09426617762073874,0.0716395110264467
291528.0,D. Lukebakio,Watford FC,0.34896088719351254,-0.027249805837393982,18.911792450000007,0.07332750968635082,-0.005726029692217707,0.32171108135611853
293686.0,J. Murphy,Newcastle United FC,0.20076767174690763,-0.10752385363423905,1208.9405713333333,2.696846486521885,-1.4443327671615407,0.09324381811266858
293687.0,D. Calvert-Lewin,Everton FC,0.2723363961958866,-0.12942996523789924,1987.3747396333333,6.0137163831386715,-2.8580649273935705,0.14290643095798738
297258.0,S. Kaikai,Crystal Palace FC,-0.24974763061691305,-0.02178471708210295,17.33428463333334,-0.048102183506824076,-0.0041958054061979055,-0.271532347699016
297733.0,S. McQueen,Southampton FC,0.1882371647063449,-0.08997543419395668,173.47928655,0.36283610039390624,-0.17343193478882313,0.09826173051238823
302518.0,L. Cook,AFC Bournemouth,0.24415519938582053,-0.0516166548265495,2353.5833588166665,6.38488460270036,-1.3498233315283432,0.19253854455927102
302520.0,J. Sims,Southampton FC,0.10199928641171356,-0.11168811114997453,179.80368536666668,0.20377608446218073,-0.22313259996008128,-0.009688824738260965
303357.0,P. Billing,Huddersfield Town FC,0.2142900539698664,-0.04947004430289336,809.70668185,1.9279120950377546,-0.44506917137186974,0.16482000966697302
332605.0,Ramadan Sobhi,Stoke City FC,0.29621680343718415,-0.08622389030309767,1373.4233438833335,4.520345252123661,-1.315798930474557,0.20999291313408647
337225.0,R. Aarons,Newcastle United FC,0.018897300837028314,-0.0216998664599902,688.2155911833333,0.14450463408138603,-0.16593540471512824,-0.002802565622961887
339789.0,Mikel Merino,Newcastle United FC,0.29355665648605445,-0.05520560730367644,1419.2474321000002,4.62921700992994,-0.8705601822584867,0.238351049182378
340386.0,Gabriel Jesus,Manchester City FC,0.5561708630564334,-0.19223173198360533,2148.06194665,13.274327408522367,-4.5880629823622705,0.36393913107282805
340476.0,R. Oxford,West Ham United FC,0.006325405293121645,0.0,492.12736536666665,0.03458783379755914,0.0,0.006325405293121645
343951.0,T. Abraham,Swansea City AFC,0.3324912949550862,-0.1206557285707448,1815.4696319333334,6.7069760985905305,-2.433853457099758,0.21183556638434142
346071.0,O. Burke,West Bromwich Albion FC,0.17075908923936506,-0.10649677194254735,415.0954641166667,0.7875702599994838,-0.4911814108490944,0.06426231729681771
346101.0,T. Alexander-Arnold,Liverpool FC,0.39463913498024417,-0.11270062792253278,1709.6808067833333,7.49674394090334,-2.140912227462046,0.2819385070577114
346158.0,E. Nketiah,Arsenal FC,0.06409655044193437,-0.0590037812911047,32.12829708333332,0.02288125571794808,-0.02106323349289596,0.005092769150829665
346159.0,J. Willock,Arsenal FC,0.24690608104061773,-0.046193622719095384,86.54436831666666,0.237425897968933,-0.0444199766498059,0.20071245832152235
350976.0,B. Chilwell,Leicester City FC,0.21865570537737267,-0.09379069930376056,1969.2892644833335,4.7844037024187855,-2.052233524969779,0.1248650060736121
351808.0,B. Woodburn,Liverpool FC,0.022524437361480597,-0.41272843111631075,8.117023349999997,0.002031459822319448,-0.037223625695332885,-0.39020399375483017
353236.0,T. Davies,Everton FC,0.22345722911096652,-0.07192807456286786,1996.9108834666667,4.958046364455484,-1.5959328324599191,0.15152915454809868
353241.0,L. Nmecha,Manchester City FC,0.026398647450509172,0.0,20.044687083333343,0.005879473639652133,0.0,0.026398647450509172
355937.0,M. Holgate,Everton FC,0.3195058748921199,-0.0633856077858177,1240.8566781833333,4.405122206429951,-0.8739161635749042,0.2561202671063022
365707.0,J. Cullen,West Ham United FC,1.7357753135625889,-0.05900973155232438,15.124335966666663,0.2916938778329641,-0.009916477836668491,1.6767655820102645
370224.0,R. Holding,Arsenal FC,0.2449915448402109,-0.05639048773718767,864.0338764,2.352011046372354,-0.5413699079072103,0.18860105710302325
377071.0,Richarlison,Watford FC,0.30215874377567614,-0.19572467609783464,2963.1973047666665,9.948399724086281,-6.444120363215916,0.1064340676778415
379209.0,D. Rice,West Ham United FC,0.13693676330703577,-0.03406496157432489,1517.2041396,2.308455823920667,-0.5742611190653406,0.10287180173271088
386197.0,C. Roberts,Swansea City AFC,0.24332126042139413,-0.05051164783960341,282.78333396666665,0.7645244138548151,-0.15870946866925806,0.19280961258179072
397098.0,R. Nelson,Arsenal FC,0.08423970208611717,-0.09603008173491366,151.98845496666667,0.14226069074356928,-0.16217181948013604,-0.011790379648796492
397168.0,T. Fosu-Mensah,Crystal Palace FC,0.20539461042921475,-0.02022578023003026,1677.47366805,3.828267228382174,-0.3769801527960226,0.18516883019918448
397174.0,S. McTominay,Manchester United FC,0.1876240356822123,-0.04435021635987263,679.64644105,1.4168667567428201,-0.3349162967642769,0.14327381932233968
397178.0,M. Rashford,Manchester United FC,0.4447113383394941,-0.15117543690566082,2105.0809852666666,10.401704247455113,-3.53596152966097,0.2935359014338333
399514.0,T. Campbell,Stoke City FC,0.13548851236866796,-0.057244422456018726,95.74861181666668,0.14414263307116926,-0.06090082204900682,0.07824408991264924
399564.0,L. Sørensen,Stoke City FC,0.16458842004220442,-0.09742550334378489,76.0,0.13898577692452818,-0.0822704250458628,0.06716291669841953
402884.0,K. Walker-Peters,Tottenham Hotspur FC,0.23286946639964878,-0.06185974084971079,200.4357038,0.5186150599038228,-0.1377655632677488,0.17100972554993799
404397.0,Brahim Diaz,Manchester City FC,-0.08676880079145764,-0.22527887621996467,68.02276871666666,-0.06558060075622052,-0.17026769882068038,-0.31204767701142233
406682.0,A. Lookman,Everton FC,0.04400261647871637,-0.007870738550049059,771.0829104333334,0.3769962842343375,-0.06743324431590736,0.036131877928667316
413002.0,K. Mavropanos,Arsenal FC,0.02918753922141558,-0.06294991873611995,279.5638182,0.09066422120667994,-0.195539107080549,-0.03376237951470437
415747.0,J. Simpson,AFC Bournemouth,0.10239697570796125,0.01923914795042947,72.0,0.081917580566369,0.015391318360343575,0.12163612365839072
415748.0,J. Tymon,Stoke City FC,0.24095547842561335,-0.028474311096803664,168.13041113333335,0.4501327072503045,-0.053193307016044855,0.21248116732880967
419784.0,H. Choudhury,Leicester City FC,0.14031763347629791,-0.029755284129220547,404.6079395666667,0.6308180951746181,-0.13376915780827403,0.11056234934707737
423162.0,E. Ampadu,Chelsea FC,-0.19821738083508728,-0.0553777002630302,11.559935766666655,-0.025459779892116785,-0.007112918421626091,-0.25359508109811746
434159.0,S. Field,West Bromwich Albion FC,0.3451254687152115,-0.07137849004414598,560.6985058666667,2.15012594050169,-0.44468680798634885,0.2737469786710655
442211.0,A. Sabiri,Huddersfield Town FC,0.1373406181762674,-0.13317480773072365,231.02381601666667,0.35254393005743623,-0.3418505808804184,0.004165810445543733
447205.0,P. Foden,Manchester City FC,0.24289633634540614,-0.2073498257648383,58.044216800000015,0.15665252896398307,-0.13372731377929448,0.03554651058056785
447254.0,R. Harper,West Bromwich Albion FC,0.05034288959034268,0.0,25.31048233333334,0.014157809084281325,0.0,0.05034288959034268
447379.0,B. Baningime,Everton FC,0.14189929720386565,-0.04620277389859419,215.26973156666668,0.3394069290952757,-0.11051176371984184,0.09569652330527147
447538.0,M. Obafemi,Southampton FC,-0.4222646468508355,-0.1018939106203348,13.024124983333337,-0.06110697262920439,-0.014745322521775961,-0.5241585574711702
447812.0,T. Edwards,Stoke City FC,0.2349444202014599,-0.045101909423740205,499.61588926666667,1.3042440603021532,-0.2503736731596291,0.1898425107777197
448038.0,J. Ngoy,Stoke City FC,-0.07839230416570286,-0.044542644650335896,21.00611678333334,-0.018296865513548255,-0.010396311059594154,-0.12293494881603875
448708.0,H. Barnes,Leicester City FC,-0.05559207251275806,-0.3541615330524364,20.95964294999999,-0.012946555452421307,-0.08247888088226318,-0.40975360556519447
450826.0,C. Hudson-Odoi,Chelsea FC,0.27731939792076155,-0.15024875834586238,35.22699883333334,0.10854589007794857,-0.058809031499549747,0.12707063957489917
486252.0,A. Wan-Bissaka,Crystal Palace FC,0.1844542772231185,-0.05804748074725488,648.5747849833333,1.3292488132137805,-0.41831258160527796,0.12640679647586361
531655.0,L. Lumeka,Crystal Palace FC,0.03839117308328248,-0.05795218762599763,28.03034608333334,0.011956865200772882,-0.01804910972714424,-0.019561014542715152
